id,title,score,num_comments,author,created_utc,url,over_18,edited,spoiler,stickied
1d76o47,DuckDB 1.0 released,241,36,commandlineluser,2024-06-03 15:05:57,https://duckdb.org/2024/06/03/announcing-duckdb-100.html,False,False,False,False
1d7fhyz,Why use dbt if I have Dagster?,32,9,DamageSuch3758,2024-06-03 21:02:15,https://www.reddit.com/r/dataengineering/comments/1d7fhyz/why_use_dbt_if_i_have_dagster/,False,False,False,False
1d79y9r,Old school engineers/ETL devs,32,37,date_uh,2024-06-03 17:20:55,https://www.reddit.com/r/dataengineering/comments/1d79y9r/old_school_engineersetl_devs/,False,False,False,False
1d7auka,Am I crazy or does this question not make much sense?,20,7,Iwontberedditfamous,2024-06-03 17:57:58,https://www.reddit.com/r/dataengineering/comments/1d7auka/am_i_crazy_or_does_this_question_not_make_much/,False,False,False,False
1d7e6ih,Anyone using DuckDB in production?,18,12,on_the_mark_data,2024-06-03 20:09:37,https://www.reddit.com/r/dataengineering/comments/1d7e6ih/anyone_using_duckdb_in_production/,False,False,False,False
1d7mna1,Insta-infra: Spin up any tool in your local laptop with one command ,16,5,Pitah7,2024-06-04 02:39:51,https://www.reddit.com/r/dataengineering/comments/1d7mna1/instainfra_spin_up_any_tool_in_your_local_laptop/,False,False,False,False
1d7lm6r,how to find what to focus on to be technically good?,18,9,mrxxnobody,2024-06-04 01:47:08,https://www.reddit.com/r/dataengineering/comments/1d7lm6r/how_to_find_what_to_focus_on_to_be_technically/,False,False,False,False
1d7eknd,"Open Source Table Format + Open Source Catalog = No Vendor Lock-in (Nessie, Polaris, Gravitino)",12,3,AMDataLake,2024-06-03 20:24:48,https://blog.iceberglakehouse.com/open-source-table-format-open-source-catalog-no-vendor-lock-in-nessie-polaris-gravitino-8eb4d8401106,False,False,False,False
1d7fk4z,DataExpert.io Academy - Thoughts?,10,6,Lower_Sun_7354,2024-06-03 21:04:44,https://www.reddit.com/r/dataengineering/comments/1d7fk4z/dataexpertio_academy_thoughts/,False,False,False,False
1d7sjwl,Better job or university,5,4,Blacknihha69,2024-06-04 08:55:00,https://www.reddit.com/r/dataengineering/comments/1d7sjwl/better_job_or_university/,False,False,False,False
1d7ex53,How do I handle working with another team than what I'm hired on? or: How I Learned this Company is Doomed,5,4,paxmlank,2024-06-03 20:38:45,https://www.reddit.com/r/dataengineering/comments/1d7ex53/how_do_i_handle_working_with_another_team_than/,False,False,False,False
1d7c9pn,Any tasks/aspects of data engineering you wish were automated?,5,10,_steffanlynch,2024-06-03 18:54:47,https://www.reddit.com/r/dataengineering/comments/1d7c9pn/any_tasksaspects_of_data_engineering_you_wish/,False,False,False,False
1d785z9,Resource just to understand basic terms in DE,5,2,wallywest83,2024-06-03 16:08:03,https://www.reddit.com/r/dataengineering/comments/1d785z9/resource_just_to_understand_basic_terms_in_de/,False,False,False,False
1d752x8,dbt Deployment Feedback,3,3,muneriver,2024-06-03 13:58:04,https://i.redd.it/q9dvtq1l4d4d1.jpeg,False,False,False,False
1d7w2px,Dask DataFrame is Fast Now!,4,2,phofl93,2024-06-04 12:36:25,https://www.reddit.com/r/dataengineering/comments/1d7w2px/dask_dataframe_is_fast_now/,False,False,False,False
1d79czf,Migrating from BW HANA / QS to BigQuery,3,2,sportage0912,2024-06-03 16:56:36,https://www.reddit.com/r/dataengineering/comments/1d79czf/migrating_from_bw_hana_qs_to_bigquery/,False,False,False,False
1d7t35a,Question?,2,2,Over-Drink8537,2024-06-04 09:34:51,https://www.reddit.com/r/dataengineering/comments/1d7t35a/question/,False,False,False,False
1d7s3ap,Tinybird or Build my own system?,2,3,Sriyakee,2024-06-04 08:19:54,https://www.reddit.com/r/dataengineering/comments/1d7s3ap/tinybird_or_build_my_own_system/,False,False,False,False
1d7oxmn,Opinion on IBM Data Engineer Certificate.,2,1,ToughAd3865,2024-06-04 04:48:44,https://www.reddit.com/r/dataengineering/comments/1d7oxmn/opinion_on_ibm_data_engineer_certificate/,False,False,False,False
1d7gusp,Sql vs python Aggregations ,2,3,sumthanger,2024-06-03 21:59:25,https://www.reddit.com/r/dataengineering/comments/1d7gusp/sql_vs_python_aggregations/,False,False,False,False
1d76jae,Dagster: how to chain jobs of type UnresolvedAssetJobDefinition?,2,2,Zaun_Underdog,2024-06-03 15:00:34,https://www.reddit.com/r/dataengineering/comments/1d76jae/dagster_how_to_chain_jobs_of_type/,False,False,False,False
1d7423t,Need advice on Career Transition,2,2,External_Sink_2560,2024-06-03 13:11:08,https://www.reddit.com/r/dataengineering/comments/1d7423t/need_advice_on_career_transition/,False,False,False,False
1d7w6qp,Azure Databricks MERGE INTO Azure SQL DB table with existing data,1,2,IG-55,2024-06-04 12:42:04,https://www.reddit.com/r/dataengineering/comments/1d7w6qp/azure_databricks_merge_into_azure_sql_db_table/,False,False,False,False
1d7vhts,Identifying Container Image Vulnerabilities with Docker Scout,1,0,pliutau,2024-06-04 12:06:02,https://packagemain.tech/p/identifying-container-image-vulnerabilities,False,False,False,False
1d7rsx7,Setting up data architecture,1,2,Konichiwaoniichan,2024-06-04 07:59:32,https://www.reddit.com/r/dataengineering/comments/1d7rsx7/setting_up_data_architecture/,False,False,False,False
1d7ok65,Do you have copies of the same data stored separately for different use cases? ,1,3,Dapper_Peapod,2024-06-04 04:25:21,https://www.reddit.com/r/dataengineering/comments/1d7ok65/do_you_have_copies_of_the_same_data_stored/,False,False,False,False
1d7l6fm,Help required - data orchestration,1,0,Deep_Traffic9617,2024-06-04 01:24:26,https://www.reddit.com/r/dataengineering/comments/1d7l6fm/help_required_data_orchestration/,False,False,False,False
1d7jhi8,"Fixing bad data using override, proxy, or other remediation",1,6,daeisfresh,2024-06-04 00:00:07,https://www.reddit.com/r/dataengineering/comments/1d7jhi8/fixing_bad_data_using_override_proxy_or_other/,False,False,False,False
1d7d64g,College Major for Career in Data,1,11,thedapperearlobe,2024-06-03 19:30:22,https://www.reddit.com/r/dataengineering/comments/1d7d64g/college_major_for_career_in_data/,False,False,False,False
1d75d33,DuckDB remote access..,1,3,Traditional_Job9599,2024-06-03 14:09:57,https://www.reddit.com/r/dataengineering/comments/1d75d33/duckdb_remote_access/,False,False,False,False
1d7akqb,What's a good website for PPT templates for Business Data Engineering Presentations ,0,0,priyasweety1,2024-06-03 17:46:45,https://www.reddit.com/r/dataengineering/comments/1d7akqb/whats_a_good_website_for_ppt_templates_for/,False,False,False,False
1d7lfwv,Problems with a csv working with SQL server,0,2,Improved_88,2024-06-04 01:38:04,https://www.reddit.com/r/dataengineering/comments/1d7lfwv/problems_with_a_csv_working_with_sql_server/,False,False,False,False
1d73zty,Seeking Advice: Meltano vs. Airbyte for Scaling Marketing Data Connectors,0,1,Magician_Upbeat,2024-06-03 13:08:10,https://www.reddit.com/r/dataengineering/comments/1d73zty/seeking_advice_meltano_vs_airbyte_for_scaling/,False,False,False,False
1d7fpov,Do you think that data engineering can be a complete remote job in the future?,0,10,MountainIngenuity837,2024-06-03 21:11:13,https://www.reddit.com/r/dataengineering/comments/1d7fpov/do_you_think_that_data_engineering_can_be_a/,False,False,False,False
1d777jq,Is Python OOP the Devil? Or Savior?,0,3,dataengineeringdude,2024-06-03 15:28:41,https://www.confessionsofadataguy.com/is-python-oop-the-devil-or-savior/,False,False,False,False
